Participant ID,Mental,Physical,Temporal,Performance,Effort,Frustration
 Group A,,,,,,
MDG1,50,50,30,20,65,60
AAG1,50,35,45,70,50,40
THG1,40,15,50,65,70,65
MAG1,60,60,60,80,60,55
,,,,,,
Mean A,50,40,46.25,58.75,61.25,55
SD,8.164965809,19.57890021,12.5,26.57536453,8.539125638,10.8012345